{
  "accuracy": 0.9380649576549089,
  "recall": 0.9586192468619247,
  "precision": 0.9509006391632772,
  "f1": 0.9547443430428804
}